{
  "loss": [
    2.86273455619812,
    1.9284541606903076,
    1.761500358581543,
    1.5165778398513794,
    1.14632248878479,
    1.03243088722229,
    0.897641122341156,
    0.805097222328186,
    0.7000192999839783,
    0.5797243714332581,
    0.5739375352859497,
    0.5674229264259338,
    0.441366046667099,
    0.4207743704319,
    0.3984476625919342,
    0.3517110049724579,
    0.32577911019325256,
    0.28053396940231323,
    0.28157275915145874,
    0.26192715764045715
  ],
  "accuracy": [
    0.1991986334323883,
    0.28277045488357544,
    0.37664568424224854,
    0.44876933097839355,
    0.5918717980384827,
    0.6307956576347351,
    0.6891814470291138,
    0.7286777496337891,
    0.7653119564056396,
    0.8042358160018921,
    0.8151116371154785,
    0.8030909895896912,
    0.8500286340713501,
    0.8500286340713501,
    0.8568975329399109,
    0.8826559782028198,
    0.8889524936676025,
    0.9095592498779297,
    0.9101316332817078,
    0.9152833223342896
  ],
  "val_loss": [
    5.46540641784668,
    8.981180191040039,
    8.1504545211792,
    6.612555980682373,
    4.450588703155518,
    3.0742383003234863,
    1.777766227722168,
    0.9537719488143921,
    0.9126313924789429,
    0.5182250738143921,
    0.3497390151023865,
    0.31594571471214294,
    0.7969460487365723,
    0.5143344402313232,
    0.5024643540382385,
    0.24283933639526367,
    0.2896803319454193,
    0.29687967896461487,
    0.38373634219169617,
    0.2537013292312622
  ],
  "val_accuracy": [
    0.09839817136526108,
    0.09839817136526108,
    0.09839817136526108,
    0.09839817136526108,
    0.18993134796619415,
    0.23112128674983978,
    0.43707093596458435,
    0.6704805493354797,
    0.6681922078132629,
    0.8421052694320679,
    0.9038901329040527,
    0.8970251679420471,
    0.7643020749092102,
    0.8375285863876343,
    0.8443936109542847,
    0.9382150769233704,
    0.9153317809104919,
    0.9153317809104919,
    0.8832951784133911,
    0.9267734289169312
  ]
}