{
  "loss": [
    2.61879825592041,
    1.9242233037948608,
    1.5770537853240967,
    1.3620408773422241,
    1.1033852100372314,
    0.9538456797599792,
    0.8837140202522278,
    0.7545064687728882,
    0.714445173740387,
    0.6902055740356445,
    0.6248689293861389,
    0.6328810453414917,
    0.5453665256500244,
    0.5292128920555115,
    0.5349552631378174,
    0.49494850635528564,
    0.4269390404224396,
    0.40712645649909973,
    0.3828619718551636,
    0.364921897649765
  ],
  "accuracy": [
    0.22438466548919678,
    0.31711506843566895,
    0.4544934034347534,
    0.5289067029953003,
    0.6250715255737305,
    0.6662850379943848,
    0.6868917942047119,
    0.7355466485023499,
    0.7607327103614807,
    0.7613050937652588,
    0.7870635390281677,
    0.8002289533615112,
    0.8133943676948547,
    0.8208357095718384,
    0.8208357095718384,
    0.8271322250366211,
    0.8609043955802917,
    0.8631940484046936,
    0.8654837012290955,
    0.8780767321586609
  ],
  "val_loss": [
    3.8089401721954346,
    5.14002799987793,
    6.393031120300293,
    7.307858943939209,
    6.118626117706299,
    5.6171088218688965,
    4.434868335723877,
    2.431241989135742,
    0.9163944125175476,
    0.6185004711151123,
    0.5103396773338318,
    0.5469104647636414,
    0.3782106637954712,
    0.3932092487812042,
    0.7742218971252441,
    0.7465711236000061,
    0.44486281275749207,
    0.3191694915294647,
    0.35685306787490845,
    0.4867382347583771
  ],
  "val_accuracy": [
    0.09839817136526108,
    0.09839817136526108,
    0.1258581280708313,
    0.09382151067256927,
    0.10297483205795288,
    0.14645308256149292,
    0.254004567861557,
    0.3661327362060547,
    0.709382176399231,
    0.8489702343940735,
    0.8627002239227295,
    0.8466818928718567,
    0.8901602029800415,
    0.8810068368911743,
    0.7505720853805542,
    0.7551487684249878,
    0.8512585759162903,
    0.9016018509864807,
    0.8878718614578247,
    0.8627002239227295
  ]
}