{
  "loss": [
    2.8980331420898438,
    1.9862914085388184,
    1.725724697113037,
    1.5829087495803833,
    1.3384819030761719,
    1.2133846282958984,
    1.0836631059646606,
    0.9527755379676819,
    0.8293662667274475,
    0.7476134896278381,
    0.6921573877334595,
    0.6596269011497498,
    0.5721650719642639,
    0.6137861013412476,
    0.4705295264720917,
    0.476029634475708,
    0.4212915003299713,
    0.38824009895324707,
    0.36131030321121216,
    0.34337708353996277
  ],
  "accuracy": [
    0.18317115306854248,
    0.28906697034835815,
    0.3817973732948303,
    0.4516313672065735,
    0.5329135656356812,
    0.5655409097671509,
    0.5935890078544617,
    0.659988522529602,
    0.6949055790901184,
    0.7263880968093872,
    0.7447052001953125,
    0.7681739926338196,
    0.7939324378967285,
    0.7882083654403687,
    0.8385804295539856,
    0.8391528129577637,
    0.8483113646507263,
    0.8609043955802917,
    0.8780767321586609,
    0.879221498966217
  ],
  "val_loss": [
    5.1301751136779785,
    7.647335052490234,
    7.758427143096924,
    7.061612606048584,
    5.68064546585083,
    4.422916412353516,
    2.4569814205169678,
    1.899712085723877,
    1.1472973823547363,
    0.6681997179985046,
    0.5429832935333252,
    0.4580420255661011,
    0.6765593886375427,
    0.45831048488616943,
    0.3959565758705139,
    0.41998764872550964,
    0.2869267165660858,
    2.3246359825134277,
    0.5278748869895935,
    1.013047456741333
  ],
  "val_accuracy": [
    0.09839817136526108,
    0.09839817136526108,
    0.15102975070476532,
    0.16933637857437134,
    0.16933637857437134,
    0.1258581280708313,
    0.2471395879983902,
    0.3615560531616211,
    0.6292906403541565,
    0.8146452903747559,
    0.8398169279098511,
    0.8787185549736023,
    0.7917619943618774,
    0.8581235408782959,
    0.8810068368911743,
    0.8787185549736023,
    0.9199084639549255,
    0.42791762948036194,
    0.8215103149414062,
    0.6727688908576965
  ]
}